	Name	Born	Died	Age	Occupation	born_dt	died_dt	age_days
0	Rosaline Franklin	1920-07-25	1958-04-16	41	Chemist	1920-07-25	1958-04-16	13779 days
1	William Gosset	1876-06-13	1937-10-16	61	Statistician	1876-06-13	1937-10-16	22404 days
2	Florence Nightingale	1820-05-12	1910-08-13	37	Nurse	1820-05-12	1910-08-13	32964 days
3	Marie Curie	1867-11-07	1934-07-04	66	Chemist	1867-11-07	1934-07-04	24345 days
4	Rachel Carson	1907-05-27	1964-04-14	56	Biologist	1907-05-27	1964-04-14	20777 days
5	John Snow	1813-03-15	1858-06-16	77	Physician	1813-03-15	1858-06-16	16529 days
6	Alan Turing	1912-06-23	1954-06-07	90	Computer Scientist	1912-06-23	1954-06-07	15324 days
7	Johann Gauss	1777-04-30	1855-02-23	45	Mathematician	1777-04-30	1855-02-23	28422 days
